侯亮平,李达康
侯亮平,沙瑞金
侯亮平,吴慧芬
侯亮平,高育良
侯亮平,祁同伟
侯亮平,陆亦可
侯亮平,钟小艾
侯亮平,高小琴
侯亮平,吴惠芬
侯亮平,欧阳菁
侯亮平,赵瑞龙
侯亮平,郑西坡
侯亮平,赵东来
侯亮平,梁璐
侯亮平,季昌明
侯亮平,程度
侯亮平,丁义珍
侯亮平,陈海
侯亮平,赵德汉
侯亮平,林华华
侯亮平,周正
侯亮平,陈岩石
侯亮平,刘新建
侯亮平,蔡成功
侯亮平,王馥真
侯亮平,陈清泉
侯亮平,陈群芳
侯亮平,张宝宝
侯亮平,郑胜利
侯亮平,肖钢玉
侯亮平,吴心怡
侯亮平,侯浩然
侯亮平,小皮球
侯亮平,尤瑞星
侯亮平,陈文强
侯亮平,杜伯仲
侯亮平,高小凤
侯亮平,赵德汉
李达康,沙瑞金
李达康,高育良
李达康,祁同伟
李达康,陆亦可
李达康,高小琴
李达康,吴惠芬
李达康,欧阳菁
李达康,赵瑞龙
李达康,郑西坡
李达康,赵东来
李达康,季昌明
李达康,程度
李达康,丁义珍
李达康,陈岩石
李达康,刘新建
李达康,蔡成功
李达康,易学习
李达康,陈清泉
李达康,孙连城
李达康,王大路
李达康,孙海平
李达康,毛娅
李达康,张树立
沙瑞金,高育良
沙瑞金,祁同伟
沙瑞金,陆亦可
沙瑞金,钟小艾
沙瑞金,高小琴
沙瑞金,欧阳菁
沙瑞金,赵瑞龙
沙瑞金,郑西坡
沙瑞金,赵东来
沙瑞金,梁璐
沙瑞金,季昌明
沙瑞金,丁义珍
沙瑞金,陈海
沙瑞金,陈岩石
沙瑞金,刘新建
沙瑞金,蔡成功
沙瑞金,王馥真
沙瑞金,易学习
沙瑞金,孙连城
沙瑞金,吴心怡
沙瑞金,王大路
沙瑞金,王文革
沙瑞金,毛娅
沙瑞金,张树立
沙瑞金,吴春林
沙瑞金,汤成兰
沙瑞金,尤瑞星
吴慧芬,高育良
吴慧芬,祁同伟
高育良,祁同伟
高育良,陆亦可
高育良,钟小艾
高育良,高小琴
高育良,吴惠芬
高育良,欧阳菁
高育良,赵瑞龙
高育良,郑西坡
高育良,赵东来
高育良,梁璐
高育良,季昌明
高育良,程度
高育良,丁义珍
高育良,陈海
高育良,陈岩石
高育良,刘新建
高育良,蔡成功
高育良,王馥真
高育良,易学习
高育良,陈清泉
高育良,张宝宝
高育良,郑胜利
高育良,孙连城
高育良,肖钢玉
高育良,吴心怡
高育良,张树立
高育良,吴春林
高育良,侯浩然
高育良,小皮球
高育良,杜伯仲
高育良,高小凤
祁同伟,陆亦可
祁同伟,钟小艾
祁同伟,高小琴
祁同伟,吴惠芬
祁同伟,欧阳菁
祁同伟,赵瑞龙
祁同伟,赵东来
祁同伟,梁璐
祁同伟,季昌明
祁同伟,程度
祁同伟,丁义珍
祁同伟,陈海
祁同伟,陈岩石
祁同伟,刘新建
祁同伟,蔡成功
祁同伟,易学习
祁同伟,陈清泉
祁同伟,郑胜利
祁同伟,肖钢玉
祁同伟,王文革
祁同伟,吴春林
祁同伟,常成虎
祁同伟,毕敬业
祁同伟,尤瑞星
祁同伟,杜伯仲
祁同伟,高小凤
陆亦可,高小琴
陆亦可,吴惠芬
陆亦可,欧阳菁
陆亦可,赵瑞龙
陆亦可,郑西坡
陆亦可,赵东来
陆亦可,季昌明
陆亦可,程度
陆亦可,丁义珍
陆亦可,陈海
陆亦可,林华华
陆亦可,周正
陆亦可,陈岩石
陆亦可,刘新建
陆亦可,蔡成功
陆亦可,陈清泉
陆亦可,陈群芳
陆亦可,张宝宝
陆亦可,郑胜利
陆亦可,肖钢玉
陆亦可,吴心怡
陆亦可,小皮球
陆亦可,尤瑞星
钟小艾,高小琴
钟小艾,吴惠芬
钟小艾,梁璐
钟小艾,季昌明
钟小艾,陈海
钟小艾,陈岩石
钟小艾,侯浩然
钟小艾,高小凤
高小琴,吴惠芬
高小琴,欧阳菁
高小琴,赵瑞龙
高小琴,郑西坡
高小琴,赵东来
高小琴,梁璐
高小琴,季昌明
高小琴,程度
高小琴,丁义珍
高小琴,陈海
高小琴,林华华
高小琴,陈岩石
高小琴,刘新建
高小琴,蔡成功
高小琴,陈清泉
高小琴,陈群芳
高小琴,孙连城
高小琴,肖钢玉
高小琴,王文革
高小琴,杜伯仲
高小琴,高小凤
吴惠芬,赵瑞龙
吴惠芬,梁璐
吴惠芬,刘新建
吴惠芬,易学习
吴惠芬,吴心怡
吴惠芬,高小凤
欧阳菁,赵瑞龙
欧阳菁,赵东来
欧阳菁,季昌明
欧阳菁,丁义珍
欧阳菁,陈海
欧阳菁,林华华
欧阳菁,周正
欧阳菁,刘新建
欧阳菁,蔡成功
欧阳菁,易学习
欧阳菁,陈群芳
欧阳菁,孙连城
欧阳菁,吴心怡
欧阳菁,王大路
欧阳菁,毛娅
赵瑞龙,赵东来
赵瑞龙,季昌明
赵瑞龙,程度
赵瑞龙,丁义珍
赵瑞龙,林华华
赵瑞龙,陈岩石
赵瑞龙,刘新建
赵瑞龙,蔡成功
赵瑞龙,易学习
赵瑞龙,陈清泉
赵瑞龙,郑胜利
赵瑞龙,肖钢玉
赵瑞龙,王文革
赵瑞龙,杜伯仲
郑西坡,赵东来
郑西坡,程度
郑西坡,陈岩石
郑西坡,蔡成功
郑西坡,王馥真
郑西坡,张宝宝
郑西坡,郑胜利
郑西坡,孙连城
郑西坡,吴心怡
郑西坡,王文革
郑西坡,马文明
郑西坡,常成虎
郑西坡,汤成兰
郑西坡,尤瑞星
赵东来,季昌明
赵东来,程度
赵东来,丁义珍
赵东来,陈海
赵东来,林华华
赵东来,周正
赵东来,陈岩石
赵东来,刘新建
赵东来,蔡成功
赵东来,陈清泉
赵东来,张宝宝
赵东来,郑胜利
赵东来,肖钢玉
赵东来,吴心怡
梁璐,丁义珍
梁璐,陈海
梁璐,陈岩石
季昌明,丁义珍
季昌明,陈海
季昌明,林华华
季昌明,周正
季昌明,陈岩石
季昌明,刘新建
季昌明,蔡成功
季昌明,陈群芳
季昌明,郑胜利
季昌明,孙连城
季昌明,肖钢玉
季昌明,张树立
季昌明,尤瑞星
程度,丁义珍
程度,林华华
程度,陈岩石
程度,刘新建
程度,蔡成功
程度,郑胜利
程度,孙连城
程度,常成虎
程度,尤瑞星
程度,杜伯仲
丁义珍,陈海
丁义珍,赵德汉
丁义珍,林华华
丁义珍,周正
丁义珍,陈岩石
丁义珍,刘新建
丁义珍,蔡成功
丁义珍,易学习
丁义珍,陈群芳
丁义珍,孙连城
丁义珍,王大路
丁义珍,王文革
丁义珍,张树立
丁义珍,小皮球
丁义珍,毕敬业
丁义珍,何阿三
丁义珍,陈文强
丁义珍,赵德汉
陈海,赵德汉
陈海,林华华
陈海,周正
陈海,陈岩石
陈海,蔡成功
陈海,王馥真
陈海,陈清泉
陈海,王文革
陈海,小皮球
陈海,尤瑞星
陈海,陈文强
陈海,赵德汉
赵德汉,小皮球
赵德汉,赵德汉
林华华,周正
林华华,蔡成功
林华华,陈群芳
林华华,郑胜利
林华华,吴心怡
林华华,尤瑞星
周正,蔡成功
周正,郑胜利
周正,尤瑞星
陈岩石,刘新建
陈岩石,蔡成功
陈岩石,王馥真
陈岩石,陈清泉
陈岩石,张宝宝
陈岩石,郑胜利
陈岩石,孙连城
陈岩石,肖钢玉
陈岩石,吴心怡
陈岩石,王文革
陈岩石,马文明
陈岩石,尤瑞星
刘新建,蔡成功
刘新建,陈清泉
刘新建,肖钢玉
蔡成功,陈群芳
蔡成功,郑胜利
蔡成功,肖钢玉
蔡成功,王文革
蔡成功,常成虎
蔡成功,汤成兰
蔡成功,尤瑞星
蔡成功,陈文强
王馥真,陈清泉
易学习,王大路
易学习,毛娅
易学习,吴春林
陈清泉,肖钢玉
陈清泉,孙海平
陈清泉,张树立
陈群芳,尤瑞星
张宝宝,郑胜利
张宝宝,吴心怡
张宝宝,尤瑞星
郑胜利,肖钢玉
郑胜利,吴心怡
郑胜利,马文明
郑胜利,尤瑞星
孙连城,张树立
王大路,毛娅
王文革,汤成兰
孙海平,张树立
马文明,尤瑞星
侯浩然,小皮球
小皮球,赵德汉
